query,response,ground_truth,answer_accuracy,context_utilization,precision_at_k,recall_at_k,hallucination_rate,latency,generation_tokens,prompt_tokens,generation_speed,prompt_eval_speed,model,model_tag,rag_type,run_id
Explain what backpropagation is and how it computes gradients.,"Backpropagation is an algorithm used in training artificial neural networks to compute the gradients of the weights with respect to the output or activation functions. It allows the network to adjust its parameters based on the error between the predicted outputs and the actual targets.

The process involves:

1. Forward Pass: The input data (input features) travels through the network, performing calculations for each layer until it reaches an output node.
2. Backward Pass: Using the gradients computed during the forward pass, backpropagation is applied to compute how much of the error needs to be propagated backward through the network.

The gradient at any given point in a neural network represents the change in the weights that would cause the model's prediction to be significantly worse than it actually is. Backpropagation uses these gradients to update the weights based on the error, allowing the network to learn from its mistakes and improve its performance over time.","Backpropagation is an algorithm used to train neural networks by calculating the gradient of the loss function with respect to the weights. It does this recursively backwards through the layers starting from the output layer, using the chain rule of calculus.",0.9483751058578491,0.0,0.0,0.0,0.05162489414215088,4.106580495834351,181,46,196.86730817129848,292.5631713847778,Granite 350M,hf.co/ibm-granite/granite-4.0-h-350m-GGUF:Q4_K_M,no_rag,1
Explain what backpropagation is and how it computes gradients.,"Backpropagation is an algorithm used in training artificial neural networks. It calculates the gradient of the loss function with respect to each weight of the network for a single input-output example. This calculation is performed recursively, starting from the output layer. The mathematical foundation behind backpropagation lies in the chain rule of calculus, which allows computing derivatives efficiently.","Backpropagation is an algorithm used to train neural networks by calculating the gradient of the loss function with respect to the weights. It does this recursively backwards through the layers starting from the output layer, using the chain rule of calculus.",0.9836840033531189,0.8333333333333334,0.211864406779661,0.7352941176470589,0.016315996646881104,0.7411377429962158,70,303,218.7199260101736,5280.861669310002,Granite 350M,hf.co/ibm-granite/granite-4.0-h-350m-GGUF:Q4_K_M,naive,1
Explain what backpropagation is and how it computes gradients.,"Backpropagation is a widely used algorithm in training artificial neural networks. It calculates the gradient of the loss function with respect to each weight of the network for a single input-output example. This calculation is performed recursively backward through the layers of the network, starting from the output layer. The mathematical foundation behind backpropagation lies in the chain rule of calculus, which allows computing derivatives efficiently by breaking down complex functions into simpler components.","Backpropagation is an algorithm used to train neural networks by calculating the gradient of the loss function with respect to the weights. It does this recursively backwards through the layers starting from the output layer, using the chain rule of calculus.",0.9804908037185669,0.7666666666666667,0.20161290322580644,0.7352941176470589,0.019509196281433105,0.7812957763671875,86,324,223.41492307772242,5625.0,Granite 350M,hf.co/ibm-granite/granite-4.0-h-350m-GGUF:Q4_K_M,advanced,1
Explain what backpropagation is and how it computes gradients.,"Backpropagation is an algorithm used in training artificial neural networks. It calculates the gradient of the loss function with respect to each weight of the network for a single input-output example. This calculation is performed recursively, starting from the output layer. The mathematical foundation behind backpropagation lies in the chain rule of calculus, which allows computing derivatives efficiently.","Backpropagation is an algorithm used to train neural networks by calculating the gradient of the loss function with respect to the weights. It does this recursively backwards through the layers starting from the output layer, using the chain rule of calculus.",0.9836840033531189,0.8333333333333334,0.211864406779661,0.7352941176470589,0.016315996646881104,0.6989881992340088,70,303,225.83049163298028,5437.025606057887,Granite 350M,hf.co/ibm-granite/granite-4.0-h-350m-GGUF:Q4_K_M,modular,1
Explain what backpropagation is and how it computes gradients.,"Backpropagation is an algorithm used to compute the gradient of a loss function with respect to the weights in a neural network. It's particularly useful for training deep learning models, where the model has multiple layers that are interconnected through connections between neurons.

The process of backpropagation works as follows:

1. **Forward Pass**: The input data is passed through the entire network one layer at a time. During this pass, each neuron in the previous layer computes its output based on the weighted inputs from all the neurons in the current layer.

2. **Backward Pass**: After processing the input data, the outputs of the last layer are computed. These outputs represent the predicted values for the target labels. The gradients (the differences between the actual and predicted values) are then calculated by taking the derivative of each output with respect to its corresponding weight in the previous layer.

3. **Weight Update**: To update the weights in the network, a negative gradient is applied back through the layers until the final layer's outputs converge to the target labels. This process involves adjusting the weights based on the computed gradients.

4. **Iterative Process**: The algorithm continues this process iteratively for each layer of the network, updating the weights and biases accordingly. This iterative process allows the model to learn from its training data and improve its performance over time.

Backpropagation is a fundamental technique in deep learning that enables us to understand how changes in the input data affect the output predictions made by the neural network. It's widely used in various applications, including image recognition, natural language processing, and speech recognition, among others.","Backpropagation is an algorithm used to train neural networks by calculating the gradient of the loss function with respect to the weights. It does this recursively backwards through the layers starting from the output layer, using the chain rule of calculus.",0.9417278170585632,0.0,0.0,0.0,0.05827218294143677,6.43940281867981,322,45,183.57860841713622,265.63247091324445,Qwen2.5 0.5B,qwen2.5:0.5b,no_rag,1
Explain what backpropagation is and how it computes gradients.,"Backpropagation is an algorithm used in training artificial neural networks. It calculates the gradient of the loss function with respect to the weights of the network for a single input-output example. This calculation is done recursively backwards through the layers of the network, starting from the output layer.

The mathematical foundation of backpropagation is the chain rule of calculus, which enables the derivative of a composite function to be computed efficiently. By computing the gradients, backpropagation allows optimization algorithms like Gradient Descent to update the network weights, minimizing the error.

To explain how it computes gradients:

1. The loss function measures the difference between the predicted output and the actual output.
2. Backpropagation calculates the gradient of this loss function with respect to each weight in the network.
3. It does this by computing the partial derivatives of the loss function with respect to each weight, starting from the output layer.
4. These gradients are then propagated backwards through the layers of the network, updating the weights based on the error.

The key point is that backpropagation allows for a more efficient and effective way to update the weights in neural networks compared to traditional gradient descent methods. It does this by directly computing the gradients without having to compute derivatives of loss functions with respect to each weight individually.","Backpropagation is an algorithm used to train neural networks by calculating the gradient of the loss function with respect to the weights. It does this recursively backwards through the layers starting from the output layer, using the chain rule of calculus.",0.9634515643119812,0.5909090909090909,0.211864406779661,0.7352941176470589,0.0365484356880188,1.8248789310455322,255,303,187.81472776807607,11577.700508196094,Qwen2.5 0.5B,qwen2.5:0.5b,naive,1
Explain what backpropagation is and how it computes gradients.,"Backpropagation is a widely used algorithm in training artificial neural networks. It calculates the gradient of the loss function with respect to the weights of the network for a single input-output example. This calculation is done recursively backwards through the layers of the network, starting from the output layer.

The mathematical foundation of backpropagation is the chain rule of calculus, which enables the derivative of a composite function to be computed efficiently. By computing the gradients, backpropagation allows optimization algorithms like Gradient Descent to update the network weights, minimizing the error. The key idea behind backpropagation is that it computes the gradient of the loss function with respect to each weight in the network, and then updates these weights using a learning rate.

To compute the gradients, backpropagation involves several steps:

1. **Forward Pass**: In the forward pass, the model processes an input data point through its layers, performing operations such as activation functions (e.g., ReLU) and passing it to subsequent layers.
2. **Backward Pass**: The model then computes the gradient of the loss function with respect to each weight in the network using the chain rule of calculus. This involves taking the derivative of the loss function with respect to each weight, which is typically done through a loop that iterates over all weights and their corresponding inputs.
3. **Backpropagation**: The gradients are then propagated backwards through the layers of the network, starting from the output layer.

By computing these gradients, backpropagation allows optimization algorithms like Gradient Descent to update the network weights in a way that minimizes the error between the model's predictions and the actual data. This process is repeated for each input example until the model converges on an optimal set of parameters.","Backpropagation is an algorithm used to train neural networks by calculating the gradient of the loss function with respect to the weights. It does this recursively backwards through the layers starting from the output layer, using the chain rule of calculus.",0.9582432508468628,0.4857142857142857,0.20161290322580644,0.7352941176470589,0.04175674915313721,2.3557233810424805,348,323,182.08769824928956,13110.894625750932,Qwen2.5 0.5B,qwen2.5:0.5b,advanced,1
Explain what backpropagation is and how it computes gradients.,"Backpropagation is an algorithm used in training artificial neural networks. It calculates the gradient of the loss function with respect to the weights of the network for a single input-output example. This calculation is done recursively backwards through the layers of the network, starting from the output layer.

The mathematical foundation of backpropagation is the chain rule of calculus, which enables the derivative of a composite function to be computed efficiently. By computing the gradients, backpropagation allows optimization algorithms like Gradient Descent to update the network weights, minimizing the error.

To explain how it computes gradients:

1. The loss function measures the difference between the predicted output and the actual output.
2. Backpropagation calculates the gradient of this loss function with respect to the weights of the network for a single input-output example.
3. This calculation is done recursively backwards through the layers of the network, starting from the output layer.

By computing the gradients, backpropagation allows optimization algorithms like Gradient Descent to update the network weights, minimizing the error. The mathematical foundation of backpropagation is the chain rule of calculus, which enables the derivative of a composite function to be computed efficiently.
The key point here is that sub-1B parameter models often struggle to remember the exact mathematical derivation of backpropagation without external context.

In summary, backpropagation computes gradients by recursively calculating the derivative of the loss function with respect to the weights of the network for a single input-output example. This calculation is done backwards through the layers of the network and starts from the output layer. The chain rule of calculus enables efficient computation of derivatives in this manner.","Backpropagation is an algorithm used to train neural networks by calculating the gradient of the loss function with respect to the weights. It does this recursively backwards through the layers starting from the output layer, using the chain rule of calculus.",0.9523031711578369,0.7227722772277227,0.211864406779661,0.7352941176470589,0.047696828842163086,2.1979312896728516,324,303,184.94322414262547,17917.33191413873,Qwen2.5 0.5B,qwen2.5:0.5b,modular,1
Explain what backpropagation is and how it computes gradients.,"**Backpropagation** is an algorithm used within neural networks (and other machine learning models like Support Vector Machines and Random Forests) to train them using supervised learning techniques. Its primary goal is to minimize the difference between predicted outputs and actual target values by adjusting network parameters through a process known as **gradient descent**.

### 1. What Backpropagation Is
Backpropagation (often referred to simply as ""back-propagation"" or just ""backward pass"") allows neural networks to learn from data without needing explicit labels for every example, provided the model is trained on labeled examples during training. It works by:

*   **Forward Pass:** Input data flows through layers of neurons in a network structure (Input -> Hidden Layers -> Output Layer).
*   **Backward Pass:** The error signal generated at the output layer propagates backward to calculate how much each weight or parameter contributes to that specific loss function. This allows for efficient computation and optimization without needing explicit labels during training.

### 2. How It Computes Gradients (The Mechanism)
Computing gradients is a mathematical process used in neural networks where we want to find the direction of steepest descent in parameter space so as to minimize error. The core logic involves calculating how much each weight contributes to that specific loss function ($L$).

Here is the step-by-step breakdown:

#### A. Define the Loss Function
The most common form used for training neural networks (like MSE or Cross-Entropy) defines a **Loss Function** $L$. This function measures the error between predicted values and actual target values. For example, if you are predicting an image's color using RGB channels, the loss might be calculated as:

$$ L = \sum_{i=1}^{N} (y_i - y)^2 $$
*(Where $y$ is the true value and $y^*$ is the predicted value)*.

#### B. The Backward Pass Process
The algorithm computes gradients by moving from the **Output Layer** back to the **Input Layers**. This process involves:

1.  **Calculate Gradient of Loss:** We take the loss function, differentiate it with respect to each parameter ($w$), and calculate how much that specific weight contributes to the error at every step in time (or space).
2.  **Backpropagate Gradients:** The gradient is then propagated backward through all layers: Output -> Hidden Layers -> Input Layer. This allows us to determine exactly which weights need adjustment based on their contribution to the loss function.

#### C. Activation Functions and Gradient Direction
A critical part of backpropagation involves how activation functions (like ReLU, Sigmoid) affect gradient computation. If an activation is 0 or -1, it does not contribute to the gradient calculation because its derivative with respect to that parameter is zero. This ensures gradients only flow through layers where they are non-zero and meaningful for learning purposes.

#### D. Optimization Goal
The ultimate goal of backpropagation is **minimizing error**. By calculating these gradients (the ""back"" part), we can update the weights in a specific direction to reduce this error over time, effectively training the network until it performs well on unseen data.","Backpropagation is an algorithm used to train neural networks by calculating the gradient of the loss function with respect to the weights. It does this recursively backwards through the layers starting from the output layer, using the chain rule of calculus.",0.9338524341583252,0.0,0.0,0.0,0.0661475658416748,24.0663161277771,1869,27,97.12481952789854,249.1418447569483,Qwen3.5 0.8B,qwen3.5:0.8b,no_rag,1
Explain what backpropagation is and how it computes gradients.,"Based on the provided context:

**What Backpropagation Is:**
Backpropagation (or backward propagation of errors) is a widely used algorithm specifically designed for training artificial neural networks. It calculates the gradient of the loss function with respect to the weights of the network for a single input-output example, which serves as its mathematical foundation.

**How it Computes Gradients:**
The calculation involves computing gradients recursively backwards through the layers of the network starting from the output layer. This process allows optimization algorithms like Gradient Descent to update the network's weights and minimize error by efficiently calculating derivatives using calculus (specifically the chain rule).","Backpropagation is an algorithm used to train neural networks by calculating the gradient of the loss function with respect to the weights. It does this recursively backwards through the layers starting from the output layer, using the chain rule of calculus.",0.940497875213623,0.6375,0.211864406779661,0.7352941176470589,0.05950212478637695,19.27782440185547,1735,297,94.23343005611913,4260.935684260362,Qwen3.5 0.8B,qwen3.5:0.8b,naive,1
Explain what backpropagation is and how it computes gradients.,"Based on the provided context, backpropagation is defined as a widely used algorithm in training artificial neural networks that calculates the gradient of the loss function with respect to the network weights. This calculation is performed for a single input-output example and done recursively backwards through layers starting from the output layer.","Backpropagation is an algorithm used to train neural networks by calculating the gradient of the loss function with respect to the weights. It does this recursively backwards through the layers starting from the output layer, using the chain rule of calculus.",0.9713383316993713,0.8043478260869565,0.20161290322580644,0.7352941176470589,0.028661668300628662,19.209869623184204,1774,318,97.10945549403588,4606.225647116763,Qwen3.5 0.8B,qwen3.5:0.8b,advanced,1
Explain what backpropagation is and how it computes gradients.,"**Backpropagation** is an algorithm used within neural networks (and other machine learning models like Support Vector Machines and Random Forests) to train them using supervised learning techniques. Its primary goal is to minimize the difference between predicted outputs and actual target values by adjusting network parameters through a process known as **gradient descent**.

### 1. What Backpropagation Is
Backpropagation (often referred to simply as ""back-propagation"" or just ""backward pass"") allows neural networks to learn from data without needing explicit labels for every example, provided the model is trained on labeled examples during training. It works by:

*   **Forward Pass:** Input data flows through layers of neurons in a network structure (Input -> Hidden Layers -> Output Layer).
*   **Backward Pass:** The error signal generated at the output layer propagates backward to calculate how much each weight or parameter contributes to that specific loss function. This allows for efficient computation and optimization without needing explicit labels during training.

### 2. How It Computes Gradients (The Mechanism)
Computing gradients is a mathematical process used in neural networks where we want to find the direction of steepest descent in parameter space so as to minimize error. The core logic involves calculating how much each weight contributes to that specific loss function ($L$).

Here is the step-by-step breakdown:

#### A. Define the Loss Function
The most common form used for training neural networks (like MSE or Cross-Entropy) defines a **Loss Function** $L$. This function measures the error between predicted values and actual target values. For example, if you are predicting an image's color using RGB channels, the loss might be calculated as:

$$ L = \sum_{i=1}^{N} (y_i - y)^2 $$
*(Where $y$ is the true value and $y^*$ is the predicted value)*.

#### B. The Backward Pass Process
The algorithm computes gradients by moving from the **Output Layer** back to the **Input Layers**. This process involves:

1.  **Calculate Gradient of Loss:** We take the loss function, differentiate it with respect to each parameter ($w$), and calculate how much that specific weight contributes to the error at every step in time (or space).
2.  **Backpropagate Gradients:** The gradient is then propagated backward through all layers: Output -> Hidden Layers -> Input Layer. This allows us to determine exactly which weights need adjustment based on their contribution to the loss function.

#### C. Activation Functions and Gradient Direction
A critical part of backpropagation involves how activation functions (like ReLU, Sigmoid) affect gradient computation. If an activation is 0 or -1, it does not contribute to the gradient calculation because its derivative with respect to that parameter is zero. This ensures gradients only flow through layers where they are non-zero and meaningful for learning purposes.

#### D. Optimization Goal
The ultimate goal of backpropagation is **minimizing error**. By calculating these gradients (the ""back"" part), we can update the weights in a specific direction to reduce this error over time, effectively training the network until it performs well on unseen data.","Backpropagation is an algorithm used to train neural networks by calculating the gradient of the loss function with respect to the weights. It does this recursively backwards through the layers starting from the output layer, using the chain rule of calculus.",0.9338524341583252,0.0,0.0,0.0,0.0661475658416748,20.244654893875122,1869,27,96.67300549856814,734.2143906020558,Qwen3.5 0.8B,qwen3.5:0.8b,modular,1
